did,description,qualities,features
2,,,
3,,,
4,,,
5,,,
6,,,
7,,,
8,,,
9,,,
10,,,
11,,,
12,,,
13,,,
14,,,
15,,,
16,,,
18,,,
20,,,
22,,,
23,,,
24,,,
25,,,
26,,,
27,,,
28,,,
29,,,
30,,,
31,,,
32,,,
34,,,
35,,,
36,,,
37,,,
38,,,
39,,,
40,,,
41,,,
42,,,
43,,,
44,,,
46,,,
48,,,
49,,,
50,,,
51,,,
52,,,
53,,,
54,,,
55,,,
56,,,
57,,,
59,,,
60,,,
61,,,
62,,,
70,,,
71,,,
72,,,
73,,,
74,,,
75,,,
76,,,
77,,,
78,,,
115,,,
116,,,
117,,,
118,,,
119,,,
120,,,
121,,,
122,,,
123,,,
124,,,
125,,,
126,,,
127,,,
128,,,
129,,,
130,,,
131,,,
132,,,
133,,,
134,,,
135,,,
136,,,
137,,,
138,,,
139,,,
140,,,
141,,,
142,,,
143,,,
144,,,
146,,,
147,,,
148,,,
149,,,
150,,,
151,,,
152,,,
153,,,
154,,,
155,,,
156,,,
157,,,
158,,,
159,,,
160,,,
161,,,
162,,,
163,,,
164,,,
171,,,
172,,,
179,,,
180,,,
181,,,
182,,,
183,,,
184,,,
185,,,
186,,,
187,,,
188,,,
189,,,
190,,,
191,,,
192,,,
193,,,
194,,,
195,,,
196,,,
197,,,
198,,,
199,,,
200,,,
201,,,
202,,,
203,,,
204,,,
205,,,
206,,,
207,,,
208,,,
209,,,
210,,,
211,,,
212,,,
213,,,
214,,,
215,,,
216,,,
217,,,
218,,,
222,,,
223,,,
224,,,
225,,,
226,,,
227,,,
228,,,
229,,,
230,,,
231,,,
232,,,
244,,,
245,,,
246,,,
247,,,
248,,,
249,,,
250,,,
251,,,
252,,,
253,,,
254,,,
255,,,
256,,,
257,,,
258,,,
259,,,
260,,,
261,,,
262,,,
263,,,
264,,,
265,,,
266,,,
267,,,
268,,,
269,,,
271,,,
272,,,
273,,,
274,,,
275,,,
276,,,
277,,,
278,,,
279,,,
285,,,
287,,,
293,,,
294,,,
296,,,
298,,,
299,,,
300,,,
301,,,
307,,,
308,,,
310,,,
311,,,
312,,,
313,,,
315,,,
316,,,
327,,,
328,,,
329,,,
333,,,
334,,,
335,,,
336,,,
337,,,
338,,,
339,,,
340,,,
342,,,
343,,,
344,,,
346,,,
350,,,
351,,,
354,,,
357,,,
372,,,
373,,,
374,,,
375,,,
376,,,
377,,,
378,,,
379,,,
380,,,
381,,,
382,,,
383,,,
384,,,
385,,,
386,,,
387,,,
388,,,
389,,,
390,,,
391,,,
392,,,
393,,,
394,,,
395,,,
396,,,
397,,,
398,,,
399,,,
400,,,
401,,,
402,,,
403,,,
404,,,
405,,,
406,,,
407,,,
408,,,
409,,,
410,,,
411,,,
412,,,
413,,,
414,,,
415,,,
416,,,
417,,,
418,,,
419,,,
420,,,
421,,,
422,,,
423,,,
424,,,
425,,,
426,,,
427,,,
428,,,
429,,,
430,,,
431,,,
432,,,
433,,,
434,,,
435,,,
436,,,
437,,,
438,,,
439,,,
440,,,
441,,,
442,,,
443,,,
444,,,
446,,,
448,,,
449,,,
450,,,
451,,,
452,,,
453,,,
454,,,
455,,,
456,,,
457,,,
458,,,
459,,,
460,,,
461,,,
462,,,
463,,,
464,,,
465,,,
466,,,
467,,,
468,,,
469,,,
470,,,
471,,,
472,,,
473,,,
474,,,
475,,,
476,,,
477,,,
479,,,
480,,,
481,,,
482,,,
483,,,
485,,,
486,,,
487,,,
488,,,
490,,,
491,,,
492,,,
493,,,
494,,,
495,,,
497,,,
498,,,
500,,,
501,,,
502,,,
503,,,
504,,,
505,,,
506,,,
507,,,
508,,,
509,,,
510,,,
511,,,
512,,,
513,,,
515,,,
516,,,
518,,,
519,,,
520,,,
521,,,
522,,,
523,,,
524,,,
525,,,
526,,,
527,,,
528,,,
529,,,
530,,,
531,,,
532,,,
533,,,
534,,,
535,,,
536,,,
537,,,
538,,,
539,,,
540,,,
541,,,
542,,,
543,,,
544,,,
545,,,
546,,,
547,,,
549,,,
550,,,
551,,,
552,,,
553,,,
554,,,
555,,,
556,,,
557,,,
558,,,
559,,,
560,,,
561,,,
562,,,
563,,,
564,,,
565,,,
566,,,
567,,,
568,,,
569,,,
570,,,
572,,,
573,,,
574,,,
575,,,
576,,,
577,,,
578,,,
579,,,
580,,,
581,,,
582,,,
583,,,
584,,,
585,,,
586,,,
587,,,
588,,,
589,,,
590,,,
591,,,
592,,,
593,,,
594,,,
595,,,
596,,,
597,,,
598,,,
599,,,
600,,,
601,,,
602,,,
603,,,
604,,,
605,,,
606,,,
607,,,
608,,,
609,,,
610,,,
611,,,
612,,,
613,,,
614,,,
615,,,
616,,,
617,,,
618,,,
619,,,
620,,,
621,,,
622,,,
623,,,
624,,,
625,,,
626,,,
627,,,
628,,,
629,,,
630,,,
631,,,
632,,,
633,,,
634,,,
635,,,
636,,,
637,,,
638,,,
639,,,
640,,,
641,,,
642,,,
643,,,
644,,,
645,,,
646,,,
647,,,
648,,,
649,,,
650,,,
651,,,
652,,,
653,,,
654,,,
655,,,
656,,,
657,,,
658,,,
659,,,
660,,,
661,,,
663,,,
664,,,
665,,,
666,,,
668,,,
669,,,
670,,,
671,,,
672,,,
673,,,
674,,,
675,,,
676,,,
678,,,
679,,,
680,,,
681,,,
682,,,
683,,,
684,,,
685,,,
686,,,
687,,,
688,,,
689,,,
690,,,
691,,,
692,,,
693,,,
694,,,
695,,,
696,,,
697,,,
698,,,
699,,,
700,,,
702,,,
703,,,
704,,,
705,,,
706,,,
707,,,
708,,,
709,,,
710,,,
711,,,
712,,,
713,,,
714,,,
715,,,
716,,,
717,,,
718,,,
719,,,
720,,,
721,,,
722,,,
723,,,
724,,,
725,,,
726,,,
727,,,
728,,,
729,,,
730,,,
731,,,
732,,,
733,,,
734,,,
735,,,
736,,,
737,,,
738,,,
739,,,
740,,,
741,,,
742,,,
743,,,
744,,,
745,,,
746,,,
747,,,
748,,,
749,,,
750,,,
751,,,
752,,,
753,,,
754,,,
755,,,
756,,,
757,,,
758,,,
759,,,
760,,,
761,,,
762,,,
763,,,
764,,,
765,,,
766,,,
767,,,
768,,,
769,,,
770,,,
771,,,
772,,,
773,,,
774,,,
775,,,
776,,,
777,,,
778,,,
779,,,
780,,,
782,,,
783,,,
784,,,
785,,,
786,,,
787,,,
788,,,
789,,,
790,,,
791,,,
792,,,
793,,,
794,,,
795,,,
796,,,
797,,,
798,,,
799,,,
800,,,
801,,,
802,,,
803,,,
804,,,
805,,,
806,,,
807,,,
808,,,
810,,,
811,,,
812,,,
813,,,
814,,,
815,,,
816,,,
817,,,
818,,,
819,,,
820,,,
821,,,
823,,,
824,,,
825,,,
826,,,
827,,,
828,,,
829,,,
830,,,
831,,,
832,,,
833,,,
834,,,
835,,,
836,,,
837,,,
838,,,
839,,,
840,,,
841,,,
842,,,
843,,,
844,,,
845,,,
846,,,
847,,,
848,,,
849,,,
850,,,
851,,,
852,,,
853,,,
854,,,
855,,,
857,,,
858,,,
859,,,
860,,,
861,,,
862,,,
863,,,
864,,,
865,,,
866,,,
867,,,
868,,,
869,,,
870,,,
871,,,
873,,,
874,,,
875,,,
876,,,
877,,,
878,,,
879,,,
880,,,
881,,,
882,,,
884,,,
885,,,
886,,,
887,,,
888,,,
889,,,
890,,,
891,,,
892,,,
893,,,
894,,,
895,,,
896,,,
897,,,
898,,,
899,,,
900,,,
901,,,
902,,,
903,,,
904,,,
905,,,
906,,,
907,,,
908,,,
909,,,
910,,,
911,,,
912,,,
913,,,
914,,,
915,,,
916,,,
917,,,
918,,,
919,,,
920,,,
921,,,
922,,,
923,,,
924,,,
925,,,
926,,,
927,,,
928,,,
929,,,
930,,,
931,,,
932,,,
933,,,
934,,,
935,,,
936,,,
937,,,
938,,,
939,,,
940,,,
941,,,
942,,,
943,,,
944,,,
945,,,
946,,,
947,,,
949,,,
950,,,
951,,,
952,,,
953,,,
954,,,
955,,,
956,,,
957,,,
958,,,
959,,,
960,,,
961,,,
962,,,
963,,,
964,,,
965,,,
966,,,
967,,,
968,,,
969,,,
970,,,
971,,,
972,,,
973,,,
974,,,
975,,,
976,,,
977,,,
978,,,
979,,,
980,,,
981,,,
982,,,
983,,,
984,,,
985,,,
986,,,
987,,,
988,,,
989,,,
990,,,
991,,,
992,,,
993,,,
994,,,
995,,,
996,,,
997,,,
998,,,
999,,,
1000,,,
1001,,,
1002,,,
1003,,,
1004,,,
1005,,,
1006,,,
1007,,,
1008,,,
1009,,,
1010,,,
1011,,,
1012,,,
1013,,,
1014,,,
1015,,,
1016,,,
1017,,,
1018,,,
1019,,,
1020,,,
1021,,,
1022,,,
1023,,,
1024,,,
1025,,,
1026,,,
1027,,,
1028,,,
1029,,,
1030,,,
1035,,,
1037,,,
1038,,,
1039,,,
1040,,,
1041,,,
1042,,,
1044,,,
1045,,,
1046,,,
1047,,,
1048,,,
1049,,,
1050,,,
1051,,,
1053,,,
1054,,,
1055,,,
1056,,,
1057,,,
1058,,,
1059,,,
1060,,,
1061,,,
1062,,,
1063,,,
1064,,,
1065,,,
1066,,,
1067,,,
1068,,,
1069,,,
1070,,,
1071,,,
1072,,,
1073,,,
1075,,,
1076,,,
1077,,,
1078,,,
1079,,,
1080,,,
1081,,,
1082,,,
1083,,,
1084,,,
1085,,,
1086,,,
1087,,,
1088,,,
1089,,,
1090,,,
1091,,,
1092,,,
1093,,,
1094,,,
1096,,,
1097,,,
1098,,,
1099,,,
1100,,,
1101,,,
1102,,,
1103,,,
1104,,,
1106,,,
1107,,,
1109,,,
1110,,,
1111,,,
1112,,,
1113,,,
1114,,,
1115,,,
1116,,,
1117,,,
1119,,,
1120,,,
1121,,,
1122,,,
1123,,,
1124,,,
1125,,,
1126,,,
1127,,,
1128,,,
1129,,,
1130,,,
1131,,,
1132,,,
1133,,,
1134,,,
1135,,,
1136,,,
1137,,,
1138,,,
1139,,,
1140,,,
1141,,,
1142,,,
1143,,,
1144,,,
1145,,,
1146,,,
1147,,,
1148,,,
1149,,,
1150,,,
1151,,,
1152,,,
1153,,,
1154,,,
1155,,,
1156,,,
1157,,,
1158,,,
1159,,,
1160,,,
1161,,,
1162,,,
1163,,,
1164,,,
1165,,,
1166,,,
1167,,,
1168,,,
1169,,,
1177,,,
1178,,,
1179,,,
1180,,,
1181,,,
1182,,,
1183,,,
1184,,,
1185,,,
1186,,,
1187,,,
1188,,,
1189,,,
1190,,,
1191,,,
1192,,,
1193,,,
1194,,,
1195,,,
1196,,,
1197,,,
1198,,,
1199,,,
1200,,,
1201,,,
1202,,,
1203,,,
1204,,,
1205,,,
1206,,,
1207,,,
1208,,,
1209,,,
1210,,,
1211,,,
1212,,,
1213,,,
1214,,,
1216,,,
1217,,,
1218,,,
1219,,,
1220,,,
1222,,,
1226,,,
1228,,,
1233,,,
1235,,,
1236,,,
1237,,,
1238,,,
1240,,,
1241,,,
1242,,,
1245,,,
1351,,,
1352,,,
1353,,,
1354,,,
1355,,,
1356,,,
1357,,,
1358,,,
1359,,,
1360,,,
1361,,,
1362,,,
1363,,,
1364,,,
1365,,,
1366,,,
1367,,,
1368,,,
1369,,,
1370,,,
1371,,,
1372,,,
1373,,,
1374,,,
1375,,,
1376,,,
1377,,,
1378,,,
1379,,,
1380,,,
1381,,,
1382,,,
1383,,,
1384,,,
1385,,,
1386,,,
1387,,,
1388,,,
1389,,,
1390,,,
1391,,,
1392,,,
1393,,,
1394,,,
1395,,,
1396,,,
1397,,,
1398,,,
1399,,,
1400,,,
1401,,,
1402,,,
1403,,,
1404,,,
1405,,,
1406,,,
1407,,,
1408,,,
1409,,,
1410,,,
1412,,,
1413,,,
1414,,,
1419,,,
1420,,,
1424,,,
1425,,,
1426,,,
1427,,,
1428,,,
1429,,,
1430,,,
1432,,,
1433,,,
1434,,,
1435,,,
1436,,,
1441,,,
1442,,,
1443,,,
1444,,,
1446,,,
1447,,,
1448,,,
1449,,,
1450,,,
1451,,,
1452,,,
1453,,,
1455,,,
1456,,,
1457,,,
1458,,,
1459,,,
1460,,,
1461,,,
1462,,,
1463,,,
1464,,,
1465,,,
1466,,,
1467,,,
1468,,,
1471,,,
1472,,,
1473,,,
1475,,,
1476,,,
1477,,,
1478,,,
1479,,,
1480,,,
1481,,,
1482,,,
1483,,,
1484,,,
1485,,,
1486,,,
1487,,,
1488,,,
1489,,,
1490,,,
1491,,,
1492,,,
1493,,,
1494,,,
1495,,,
1496,,,
1497,,,
1498,,,
1499,,,
1500,,,
1501,,,
1502,,,
1503,,,
1504,,,
1506,,,
1507,,,
1508,,,
1509,,,
1510,,,
1511,,,
1512,,,
1513,,,
1514,,,
1515,,,
1516,,,
1517,,,
1518,,,
1519,,,
1520,,,
1523,,,
1524,,,
1525,,,
1526,,,
1527,,,
1528,,,
1529,,,
1530,,,
1531,,,
1532,,,
1533,,,
1534,,,
1535,,,
1536,,,
1537,,,
1538,,,
1539,,,
1540,,,
1541,,,
1542,,,
1543,,,
1544,,,
1545,,,
1546,,,
1547,,,
1548,,,
1549,,,
1551,,,
1552,,,
1553,,,
1554,,,
1555,,,
1556,,,
1557,,,
1558,,,
1559,,,
1560,,,
1561,,,
1562,,,
1563,,,
1564,,,
1565,,,
1566,,,
1567,,,
1568,,,
1569,,,
1571,,,
1572,,,
1574,,,
1575,,,
1577,,,
1578,,,
1579,,,
1581,,,
1582,,,
1583,,,
1584,,,
1585,,,
1586,,,
1587,,,
1588,,,
1589,,,
1590,,,
1591,,,
1592,,,
1593,,,
1594,,,
1595,,,
1596,,,
1597,,,
1600,,,
3040,,,
3041,,,
3042,,,
3043,,,
3044,,,
3045,,,
3046,,,
3047,,,
3048,,,
3049,,,
3050,,,
3051,,,
3052,,,
3053,,,
3054,,,
3055,,,
3056,,,
3057,,,
3058,,,
3059,,,
3060,,,
3061,,,
3062,,,
3063,,,
3064,,,
3065,,,
3066,,,
3067,,,
3068,,,
3069,,,
3070,,,
3071,,,
3072,,,
3073,,,
3074,,,
3075,,,
3076,,,
3077,,,
3078,,,
3079,,,
3080,,,
3081,,,
3082,,,
3083,,,
3084,,,
3085,,,
3086,,,
3087,,,
3088,,,
3089,,,
3090,,,
3091,,,
3092,,,
3093,,,
3094,,,
3095,,,
3096,,,
3097,,,
3098,,,
3099,,,
3100,,,
3101,,,
3102,,,
3103,,,
3104,,,
3105,,,
3106,,,
3107,,,
3108,,,
3109,,,
3110,,,
3111,,,
3112,,,
3113,,,
3114,,,
3115,,,
3116,,,
3117,,,
3118,,,
3119,,,
3120,,,
3121,,,
3122,,,
3123,,,
3124,,,
3125,,,
3126,,,
3127,,,
3128,,,
3129,,,
3130,,,
3131,,,
3132,,,
3133,,,
3134,,,
3135,,,
3136,,,
3137,,,
3138,,,
3139,,,
3140,,,
3141,,,
3142,,,
3143,,,
3144,,,
3145,,,
3146,,,
3147,,,
3148,,,
3149,,,
3150,,,
3151,,,
3152,,,
3153,,,
3154,,,
3155,,,
3156,,,
3157,,,
3158,,,
3159,,,
3160,,,
3161,,,
3162,,,
3163,,,
3164,,,
3165,,,
3166,,,
3167,,,
3168,,,
3169,,,
3170,,,
3171,,,
3172,,,
3173,,,
3174,,,
3175,,,
3176,,,
3177,,,
3178,,,
3179,,,
3180,,,
3181,,,
3182,,,
3183,,,
3184,,,
3185,,,
3186,,,
3187,,,
3188,,,
3189,,,
3190,,,
3191,,,
3192,,,
3193,,,
3194,,,
3195,,,
3196,,,
3197,,,
3198,,,
3199,,,
3200,,,
3201,,,
3202,,,
3203,,,
3204,,,
3205,,,
3206,,,
3207,,,
3208,,,
3209,,,
3210,,,
3211,,,
3212,,,
3213,,,
3214,,,
3215,,,
3216,,,
3217,,,
3218,,,
3219,,,
3220,,,
3221,,,
3222,,,
3223,,,
3224,,,
3225,,,
3226,,,
3227,,,
3228,,,
3229,,,
3230,,,
3231,,,
3232,,,
3233,,,
3234,,,
3235,,,
3236,,,
3237,,,
3238,,,
3239,,,
3240,,,
3241,,,
3242,,,
3243,,,
3244,,,
3245,,,
3246,,,
3247,,,
3248,,,
3249,,,
3250,,,
3251,,,
3252,,,
3253,,,
3254,,,
3255,,,
3256,,,
3257,,,
3258,,,
3259,,,
3260,,,
3261,,,
3262,,,
3263,,,
3264,,,
3265,,,
3266,,,
3267,,,
3268,,,
3269,,,
3270,,,
3271,,,
3272,,,
3273,,,
3274,,,
3275,,,
3276,,,
3277,,,
3278,,,
3279,,,
3280,,,
3281,,,
3282,,,
3283,,,
3284,,,
3285,,,
3286,,,
3287,,,
3288,,,
3289,,,
3290,,,
3291,,,
3292,,,
3293,,,
3294,,,
3295,,,
3296,,,
3297,,,
3298,,,
3299,,,
3300,,,
3301,,,
3302,,,
3303,,,
3304,,,
3305,,,
3306,,,
3307,,,
3308,,,
3309,,,
3311,,,
3312,,,
3313,,,
3314,,,
3315,,,
3316,,,
3317,,,
3318,,,
3319,,,
3320,,,
3321,,,
3322,,,
3323,,,
3324,,,
3325,,,
3326,,,
3327,,,
3328,,,
3329,,,
3330,,,
3331,,,
3332,,,
3333,,,
3334,,,
3335,,,
3336,,,
3337,,,
3338,,,
3339,,,
3340,,,
3341,,,
3342,,,
3343,,,
3344,,,
3345,,,
3346,,,
3347,,,
3348,,,
3349,,,
3350,,,
3351,,,
3352,,,
3353,,,
3354,,,
3355,,,
3356,,,
3357,,,
3358,,,
3359,,,
3360,,,
3361,,,
3362,,,
3363,,,
3364,,,
3365,,,
3366,,,
3367,,,
3368,,,
3370,,,
3372,,,
3373,,,
3374,,,
3375,,,
3376,,,
3377,,,
3378,,,
3379,,,
3380,,,
3381,,,
3382,,,
3383,,,
3385,,,
3386,,,
3387,,,
3388,,,
3389,,,
3390,,,
3391,,,
3392,,,
3393,,,
3394,,,
3395,,,
3396,,,
3397,,,
3398,,,
3399,,,
3400,,,
3401,,,
3402,,,
3403,,,
3404,,,
3405,,,
3406,,,
3407,,,
3408,,,
3409,,,
3410,,,
3411,,,
3412,,,
3413,,,
3414,,,
3415,,,
3416,,,
3417,,,
3418,,,
3419,,,
3420,,,
3421,,,
3422,,,
3423,,,
3424,,,
3425,,,
3426,,,
3427,,,
3428,,,
3429,,,
3430,,,
3431,,,
3432,,,
3433,,,
3434,,,
3435,,,
3436,,,
3437,,,
3438,,,
3439,,,
3440,,,
3441,,,
3442,,,
3443,,,
3444,,,
3445,,,
3447,,,
3448,,,
3449,,,
3450,,,
3451,,,
3452,,,
3453,,,
3454,,,
3455,,,
3456,,,
3457,,,
3458,,,
3459,,,
3460,,,
3461,,,
3462,,,
3463,,,
3464,,,
3465,,,
3466,,,
3467,,,
3468,,,
3469,,,
3470,,,
3471,,,
3472,,,
3474,,,
3475,,,
3476,,,
3477,,,
3478,,,
3479,,,
3480,,,
3481,,,
3482,,,
3483,,,
3484,,,
3485,,,
3486,,,
3487,,,
3488,,,
3489,,,
3490,,,
3491,,,
3492,,,
3493,,,
3494,,,
3495,,,
3496,,,
3497,,,
3498,,,
3499,,,
3500,,,
3501,,,
3502,,,
3503,,,
3504,,,
3505,,,
3506,,,
3507,,,
3508,,,
3509,,,
3510,,,
3511,,,
3512,,,
3513,,,
3514,,,
3515,,,
3516,,,
3517,,,
3518,,,
3519,,,
3520,,,
3521,,,
3522,,,
3523,,,
3524,,,
3525,,,
3526,,,
3527,,,
3528,,,
3529,,,
3530,,,
3531,,,
3532,,,
3533,,,
3534,,,
3535,,,
3536,,,
3537,,,
3538,,,
3539,,,
3540,,,
3541,,,
3542,,,
3543,,,
3544,,,
3545,,,
3546,,,
3547,,,
3548,,,
3549,,,
3550,,,
3551,,,
3552,,,
3553,,,
3554,,,
3555,,,
3556,,,
3558,,,
3559,,,
3560,,,
3561,,,
3562,,,
3563,,,
3564,,,
3565,,,
3566,,,
3567,,,
3568,,,
3569,,,
3570,,,
3571,,,
3572,,,
3573,,,
3574,,,
3575,,,
3576,,,
3577,,,
3578,,,
3579,,,
3580,,,
3581,,,
3582,,,
3583,,,
3584,,,
3585,,,
3586,,,
3587,,,
3588,,,
3589,,,
3590,,,
3591,,,
3592,,,
3593,,,
3594,,,
3595,,,
3596,,,
3597,,,
3598,,,
3599,,,
3600,,,
3601,,,
3602,,,
3603,,,
3604,,,
3605,,,
3606,,,
3607,,,
3608,,,
3609,,,
3610,,,
3611,,,
3612,,,
3613,,,
3614,,,
3615,,,
3616,,,
3617,,,
3618,,,
3619,,,
3620,,,
3621,,,
3622,,,
3623,,,
3624,,,
3625,,,
3626,,,
3627,,,
3628,,,
3629,,,
3630,,,
3631,,,
3632,,,
3633,,,
3634,,,
3635,,,
3636,,,
3637,,,
3638,,,
3639,,,
3640,,,
3641,,,
3642,,,
3643,,,
3644,,,
3645,,,
3646,,,
3647,,,
3648,,,
3649,,,
3650,,,
3651,,,
3652,,,
3653,,,
3654,,,
3655,,,
3656,,,
3657,,,
3658,,,
3659,,,
3660,,,
3661,,,
3662,,,
3663,,,
3664,,,
3665,,,
3666,,,
3667,,,
3668,,,
3669,,,
3670,,,
3671,,,
3672,,,
3673,,,
3674,,,
3675,,,
3676,,,
3677,,,
3678,,,
3679,,,
3680,,,
3681,,,
3682,,,
3683,,,
3684,,,
3685,,,
3686,,,
3687,,,
3688,,,
3689,,,
3690,,,
3691,,,
3692,,,
3693,,,
3694,,,
3695,,,
3696,,,
3697,,,
3698,,,
3699,,,
3700,,,
3701,,,
3702,,,
3703,,,
3704,,,
3705,,,
3706,,,
3707,,,
3708,,,
3709,,,
3710,,,
3711,,,
3712,,,
3713,,,
3714,,,
3715,,,
3716,,,
3717,,,
3718,,,
3719,,,
3720,,,
3721,,,
3722,,,
3723,,,
3724,,,
3725,,,
3726,,,
3727,,,
3728,,,
3729,,,
3730,,,
3731,,,
3732,,,
3733,,,
3734,,,
3735,,,
3736,,,
3737,,,
3738,,,
3739,,,
3740,,,
3741,,,
3742,,,
3743,,,
3744,,,
3745,,,
3746,,,
3747,,,
3748,,,
3749,,,
3750,,,
3751,,,
3752,,,
3753,,,
3754,,,
3755,,,
3756,,,
3757,,,
3758,,,
3759,,,
3760,,,
3761,,,
3762,,,
3763,,,
3764,,,
3765,,,
3766,,,
3767,,,
3768,,,
3769,,,
3770,,,
3771,,,
3772,,,
3773,,,
3774,,,
3775,,,
3776,,,
3777,,,
3778,,,
3779,,,
3780,,,
3781,,,
3782,,,
3783,,,
3784,,,
3785,,,
3786,,,
3787,,,
3788,,,
3789,,,
3790,,,
3791,,,
3792,,,
3793,,,
3794,,,
3795,,,
3797,,,
3798,,,
3799,,,
3800,,,
3801,,,
3802,,,
3803,,,
3804,,,
3805,,,
3806,,,
3807,,,
3808,,,
3809,,,
3810,,,
3811,,,
3812,,,
3813,,,
3814,,,
3816,,,
3817,,,
3818,,,
3819,,,
3820,,,
3821,,,
3822,,,
3823,,,
3824,,,
3825,,,
3826,,,
3827,,,
3828,,,
3829,,,
3830,,,
3831,,,
3832,,,
3833,,,
3834,,,
3835,,,
3836,,,
3837,,,
3838,,,
3839,,,
3840,,,
3841,,,
3842,,,
3843,,,
3844,,,
3845,,,
3846,,,
3847,,,
3848,,,
3849,,,
3850,,,
3851,,,
3852,,,
3853,,,
3854,,,
3855,,,
3856,,,
3857,,,
3858,,,
3859,,,
3860,,,
3861,,,
3862,,,
3863,,,
3864,,,
3865,,,
3866,,,
3867,,,
3868,,,
3869,,,
3870,,,
3871,,,
3872,,,
3873,,,
3874,,,
3875,,,
3876,,,
3877,,,
3878,,,
3879,,,
3880,,,
3881,,,
3882,,,
3883,,,
3884,,,
3885,,,
3886,,,
3887,,,
3888,,,
3889,,,
3890,,,
3891,,,
3892,,,
3893,,,
3894,,,
3895,,,
3896,,,
3897,,,
3898,,,
3899,,,
3900,,,
3901,,,
3902,,,
3903,,,
3904,,,
3905,,,
3906,,,
3907,,,
3908,,,
3909,,,
3910,,,
3911,,,
3912,,,
3913,,,
3914,,,
3915,,,
3916,,,
3917,,,
3918,,,
3919,,,
3920,,,
3921,,,
3922,,,
3923,,,
3924,,,
3925,,,
3926,,,
3927,,,
3928,,,
3929,,,
3930,,,
3931,,,
3932,,,
3933,,,
3934,,,
3935,,,
3936,,,
3937,,,
3938,,,
3939,,,
3940,,,
3941,,,
3942,,,
3943,,,
3944,,,
3945,,,
3947,,,
3948,,,
3949,,,
3950,,,
3951,,,
3952,,,
3953,,,
3954,,,
3955,,,
3956,,,
3957,,,
3958,,,
3959,,,
3960,,,
3961,,,
3962,,,
3963,,,
3964,,,
3965,,,
3966,,,
3967,,,
3968,,,
3969,,,
3970,,,
3971,,,
3972,,,
3973,,,
3974,,,
3975,,,
3976,,,
3977,,,
3978,,,
3979,,,
3980,,,
3981,,,
3982,,,
3983,,,
3984,,,
3985,,,
3986,,,
3987,,,
3988,,,
3989,,,
3990,,,
3991,,,
3992,,,
3993,,,
3994,,,
3995,,,
3996,,,
3997,,,
3998,,,
3999,,,
4000,,,
4001,,,
4002,,,
4003,,,
4004,,,
4005,,,
4006,,,
4007,,,
4008,,,
4009,,,
4010,,,
4011,,,
4012,,,
4013,,,
4014,,,
4015,,,
4016,,,
4017,,,
4018,,,
4019,,,
4020,,,
4021,,,
4022,,,
4023,,,
4024,,,
4025,,,
4026,,,
4027,,,
4028,,,
4029,,,
4030,,,
4031,,,
4032,,,
4033,,,
4034,,,
4035,,,
4036,,,
4037,,,
4038,,,
4039,,,
4040,,,
4041,,,
4042,,,
4043,,,
4044,,,
4045,,,
4046,,,
4047,,,
4048,,,
4049,,,
4050,,,
4051,,,
4052,,,
4053,,,
4054,,,
4055,,,
4056,,,
4057,,,
4058,,,
4059,,,
4060,,,
4061,,,
4062,,,
4063,,,
4064,,,
4065,,,
4066,,,
4067,,,
4068,,,
4069,,,
4070,,,
4071,,,
4072,,,
4073,,,
4074,,,
4075,,,
4076,,,
4077,,,
4078,,,
4079,,,
4080,,,
4081,,,
4082,,,
4083,,,
4084,,,
4085,,,
4086,,,
4087,,,
4088,,,
4089,,,
4090,,,
4091,,,
4092,,,
4093,,,
4094,,,
4095,,,
4096,,,
4097,,,
4098,,,
4099,,,
4100,,,
4101,,,
4102,,,
4103,,,
4104,,,
4105,,,
4106,,,
4107,,,
4108,,,
4109,,,
4110,,,
4111,,,
4112,,,
4113,,,
4114,,,
4115,,,
4116,,,
4117,,,
4118,,,
4119,,,
4120,,,
4121,,,
4122,,,
4123,,,
4124,,,
4125,,,
4126,,,
4127,,,
4128,,,
4129,,,
4130,,,
4131,,,
4133,,,
4134,,,
4135,,,
4136,,,
4137,,,
4138,,,
4139,,,
4140,,,
4153,,,
4154,,,
4329,,,
4340,,,
4353,,,
4531,,,
4532,,,
4533,,,
4534,,,
4535,,,
4537,,,
4538,,,
4540,,,
4541,,,
4544,,,
4545,,,
4546,,,
4548,,,
4549,,,
4551,,,
4552,,,
4553,,,
4562,,,
4563,,,
5587,,,
5648,,,
5889,,,
6331,,,
6332,,,
23380,,,
23381,,,
23383,,,
23394,,,
23395,,,
23396,,,
23397,,,
23420,,,
23499,,,
23512,,,
23513,,,
23515,,,
23516,,,
23517,,,
40474,,,
40475,,,
40476,,,
40477,,,
40478,,,
40496,,,
40497,,,
40498,,,
40499,,,
40505,,,
40514,,,
40515,,,
40516,,,
40517,,,
40518,,,
40519,,,
40520,,,
40536,,,
40588,,,
40589,,,
40590,,,
40591,,,
40592,,,
40593,,,
40594,,,
40595,,,
40596,,,
40597,,,
40598,,,
40601,,,
40645,,,
40646,,,
40647,,,
40648,,,
40649,,,
40650,,,
40660,,,
40663,,,
40664,,,
40665,,,
40666,,,
40668,,,
40669,,,
40670,,,
40671,,,
40672,,,
40677,,,
40678,,,
40680,,,
40681,,,
40682,,,
40683,,,
40685,,,
40686,,,
40687,,,
40690,,,
40691,,,
40693,,,
40700,,,
40701,,,
40702,,,
40704,,,
40705,,,
40706,,,
40707,,,
40708,,,
40709,,,
40710,,,
40711,,,
40713,,,
40714,,,
40728,,,
40729,,,
40753,,,
40864,,,
40869,,,
40900,,,
40910,,,
40916,,,
40918,,,
40920,,,
40922,,,
40923,,,
40926,,,
40927,,,
40945,,,
40966,,,
40967,,,
40969,,,
40971,,,
40975,,,
40976,,,
40978,,,
40979,,,
40981,,,
40982,,,
40983,,,
40984,,,
40985,,,
40992,,,
40993,,,
40994,,,
40996,,,
40997,,,
40998,,,
40999,,,
41000,,,
41001,,,
41002,,,
41003,,,
41004,,,
41005,,,
41006,,,
41007,,,
41021,,,
41022,,,
41026,,,
41027,,,
41039,,,
41065,,,
41081,,,
41082,,,
41083,,,
41084,,,
41091,,,
41103,,,
41138,,,
41142,,,
41143,,,
41144,,,
41145,,,
41146,,,
41147,,,
41150,,,
41156,,,
41157,,,
41158,,,
41159,,,
41160,,,
41161,,,
41162,,,
41163,,,
41164,,,
41165,,,
41166,,,
41167,,,
41168,,,
41169,,,
41170,,,
41187,,,
41190,,,
41197,,,
41199,,,
41214,,,
41215,,,
41228,,,
41265,,,
41275,,,
41430,,,
41434,,,
41440,,,
41463,,,
41464,,,
41465,,,
41466,,,
41467,,,
41468,,,
41469,,,
41470,,,
41471,,,
41472,,,
41473,,,
41474,,,
41475,,,
41476,,,
41477,,,
41478,,,
41479,,,
41482,,,
41483,,,
41484,,,
41485,,,
41486,,,
41487,,,
41488,,,
41489,,,
41490,,,
41491,,,
41492,,,
41496,,,
41506,,,
41510,,,
41511,,,
41514,,,
41515,,,
41516,,,
41517,,,
41518,,,
41519,,,
41521,,,
41523,,,
41524,,,
41525,,,
41526,,,
41533,,,
41538,,,
41539,,,
41540,,,
41542,,,
41544,,,
41545,,,
41546,,,
41547,,,
41548,,,
41549,,,
41550,,,
41551,,,
41552,,,
41553,,,
41554,,,
41555,,,
41556,,,
41557,,,
41558,,,
41559,,,
41567,,,
41568,,,
41582,,,
41583,,,
41668,,,
41669,,,
41671,,,
41672,,,
41674,,,
41675,,,
41679,,,
41680,,,
41682,,,
41684,,,
41685,,,
41700,,,
41701,,,
41702,,,
41703,,,
41704,,,
41705,,,
41707,,,
41708,,,
41709,,,
41710,,,
41711,,,
41712,,,
41713,,,
41714,,,
41715,,,
41716,,,
41717,,,
41718,,,
41719,,,
41720,,,
41721,,,
41722,,,
41723,,,
41724,,,
41725,,,
41726,,,
41727,,,
41728,,,
41729,,,
41730,,,
41731,,,
41732,,,
41733,,,
41734,,,
41735,,,
41736,,,
41737,,,
41738,,,
41739,,,
41740,,,
41741,,,
41742,,,
41743,,,
41744,,,
41745,,,
41746,,,
41747,,,
41748,,,
41749,,,
41750,,,
41751,,,
41752,,,
41753,,,
41754,,,
41755,,,
41756,,,
41757,,,
41758,,,
41759,,,
41760,,,
41761,,,
41762,,,
41763,,,
41764,,,
41765,,,
41766,,,
41767,,,
41768,,,
41769,,,
41770,,,
41771,,,
41772,,,
41773,,,
41774,,,
41775,,,
41776,,,
41777,,,
41778,,,
41779,,,
41780,,,
41781,,,
41782,,,
41783,,,
41784,,,
41785,,,
41786,,,
41787,,,
41788,,,
41789,,,
41790,,,
41791,,,
41792,,,
41793,,,
41794,,,
41795,,,
41796,,,
41797,,,
41798,,,
41799,,,
41800,,,
41801,,,
41802,,,
41803,,,
41804,,,
41805,,,
41806,,,
41807,,,
41808,,,
41809,,,
41810,,,
41811,,,
41812,,,
41813,,,
41814,,,
41815,,,
41816,,,
41817,,,
41818,,,
41819,,,
41820,,,
41821,,,
41822,,,
41823,,,
41824,,,
41825,,,
41826,,,
41827,,,
41828,,,
41829,,,
41830,,,
41831,,,
41832,,,
41833,,,
41834,,,
41835,,,
41836,,,
41837,,,
41838,,,
41839,,,
41840,,,
41841,,,
41842,,,
41843,,,
41844,,,
41845,,,
41846,,,
41847,,,
41848,,,
41849,,,
41850,,,
41851,,,
41852,,,
41853,,,
41854,,,
41855,,,
41856,,,
41857,,,
41858,,,
41859,,,
41860,,,
41861,,,
41862,,,
41863,,,
41864,,,
41865,,,
41866,,,
41867,,,
41868,,,
41869,,,
41870,,,
41871,,,
41872,,,
41873,,,
41874,,,
41875,,,
41876,,,
41877,,,
41878,,,
41879,,,
41880,,,
41881,,,
41882,,,
41883,,,
41884,,,
41885,,,
41886,,,
41887,,,
41888,,,
41889,,,
41890,,,
41891,,,
41892,,,
41893,,,
41894,,,
41895,,,
41896,,,
41897,,,
41898,,,
41899,,,
41906,,,
41907,,,
41919,,,
41928,,,
41937,,,
41938,,,
41939,,,
41940,,,
41943,,,
41944,,,
41945,,,
41946,,,
41949,,,
41950,,,
41952,,,
41953,,,
41960,,,
41961,,,
41962,,,
41964,,,
41966,,,
41967,,,
41968,,,
41969,,,
41971,,,
41972,,,
41973,,,
41976,,,
41977,,,
41978,,,
41980,,,
41981,,,
41982,,,
41983,,,
41986,,,
41988,,,
41989,,,
41990,,,
41991,,,
41996,,,
41997,,,
41998,,,
42002,,,
42003,,,
42004,,,
42006,,,
42010,,,
42011,,,
42015,,,
42016,,,
42020,,,
42021,,,
42025,,,
42026,,,
42030,,,
42031,,,
42035,,,
42036,,,
42040,,,
42041,,,
42045,,,
42046,,,
42050,,,
42051,,,
42055,,,
42056,,,
42057,,,
42058,,,
42059,,,
42060,,,
42065,,,
42066,,,
42070,,,
42071,,,
42072,,,
42074,,,
42076,,,
42078,,,
42079,,,
42080,,,
42087,,,
42088,,,
42089,,,
42090,,,
42091,,,
42092,,,
42093,,,
42097,,,
42098,,,
42099,,,
42104,,,
42105,,,
42106,,,
42107,,,
42108,,,
42110,,,
42111,,,
42112,,,
42113,,,
42118,,,
42121,,,
42123,,,
42125,,,
42130,,,
42131,,,
42132,,,
42133,,,
42134,,,
42136,,,
42139,,,
42140,,,
42141,,,
42143,,,
42159,,,
42160,,,
42163,,,
42164,,,
42165,,,
42166,,,
42167,,,
42169,,,
42172,,,
42175,,,
42176,,,
42177,,,
42178,,,
42182,,,
42183,,,
42184,,,
42186,,,
42188,,,
42192,,,
42193,,,
42194,,,
42195,,,
42196,,,
42197,,,
42198,,,
42199,,,
42200,,,
42201,,,
42202,,,
42203,,,
42204,,,
42206,,,
42207,,,
42208,,,
42218,,,
42220,,,
42223,,,
42224,,,
42225,,,
42231,,,
42233,,,
42236,,,
42252,,,
42256,,,
42259,,,
42260,,,
42261,,,
42328,,,
42332,,,
42333,,,
42334,,,
42336,,,
42337,,,
42343,,,
42344,,,
42345,,,
42347,,,
42349,,,
42351,,,
42352,,,
42359,,,
42360,,,
42361,,,
42362,,,
42363,,,
42364,,,
42365,,,
42366,,,
42367,,,
42368,,,
42369,,,
42370,,,
42371,,,
42372,,,
42395,,,
42396,,,
42397,,,
42399,,,
42400,,,
42401,,,
42402,,,
42403,,,
42404,,,
42405,,,
42406,,,
42407,,,
42408,,,
42410,,,
42411,,,
42414,,,
42416,,,
42417,,,
42418,,,
42419,,,
42422,,,
42423,,,
42424,,,
42425,,,
42426,,,
42428,,,
42430,,,
42433,,,
42435,,,
42436,,,
42437,,,
42438,,,
42439,,,
42440,,,
42441,,,
42442,,,
42443,,,
42444,,,
42445,,,
42450,,,
42454,,,
42455,,,
42456,,,
42457,,,
42458,,,
42459,,,
42460,,,
42462,,,
42463,,,
42464,,,
42468,,,
42470,,,
42471,,,
42472,,,
42476,,,
42477,,,
42480,,,
42486,,,
42487,,,
42488,,,
42489,,,
42491,,,
42492,,,
42493,,,
42495,,,
42496,,,
42498,,,
42499,,,
42530,,,
42532,,,
42533,,,
42535,,,
42538,,,
42543,,,
42544,,,
42545,,,
42546,,,
42547,,,
42548,,,
42549,,,
42550,,,
42551,,,
42552,,,
42553,,,
42554,,,
42555,,,
42556,,,
42557,,,
42558,,,
42559,,,
42563,,,
42564,,,
42565,,,
42566,,,
42570,,,
42571,,,
42572,,,
42575,,,
42585,,,
42603,,,
42604,,,
42605,,,
42606,,,
42607,,,
42608,,,
42609,,,
42610,,,
42611,,,
42612,,,
42613,,,
42614,,,
42615,,,
42616,,,
42617,,,
42618,,,
42619,,,
42620,,,
42621,,,
42622,,,
42623,,,
42624,,,
42625,,,
42626,,,
42627,,,
42628,,,
42629,,,
42630,,,
42631,,,
42632,,,
42633,,,
42635,,,
42636,,,
42637,,,
42638,,,
42642,,,
42643,,,
42644,,,
42645,,,
42646,,,
42647,,,
42648,,,
42649,,,
42650,,,
42651,,,
42652,,,
42653,,,
42654,,,
42655,,,
42656,,,
42657,,,
42658,,,
42659,,,
42660,,,
42661,,,
42662,,,
42663,,,
42664,,,
42665,,,
42667,,,
42680,,,
42682,,,
42688,,,
42689,,,
42690,,,
42691,,,
42692,,,
42693,,,
42694,,,
42695,,,
42699,,,
42700,,,
42701,,,
42702,,,
42703,,,
42705,,,
42706,,,
42708,,,
42710,,,
42712,,,
42713,,,
42716,,,
42717,,,
42718,,,
42720,,,
42721,,,
42723,,,
42724,,,
42726,,,
42727,,,
42728,,,
42729,,,
42730,,,
42731,,,
42732,,,
42733,,,
42734,,,
42737,,,
42738,,,
42739,,,
42742,,,
42746,,,
42750,,,
42757,,,
42758,,,
42759,,,
42762,,,
42763,,,
42764,,,
42766,,,
42768,,,
42769,,,
42770,,,
42773,,,
42774,,,
42775,,,
42781,,,
42793,,,
42795,,,
42796,,,
42797,,,
42799,,,
42800,,,
42803,,,
42804,,,
42805,,,
42806,,,
42807,,,
42809,,,
42810,,,
42811,,,
42812,,,
42813,,,
42819,,,
42820,,,
42821,,,
42822,,,
42824,,,
42825,,,
42834,,,
42835,,,
42836,,,
42837,,,
42838,,,
42839,,,
42840,,,
42841,,,
42842,,,
42843,,,
42844,,,
42845,,,
42846,,,
42847,,,
42848,,,
42849,,,
42850,,,
42851,,,
42853,,,
42855,,,
42856,,,
42857,,,
42858,,,
42859,,,
42860,,,
42861,,,
42862,,,
42863,,,
42864,,,
42865,,,
42866,,,
42867,,,
42869,,,
42870,,,
42871,,,
42872,,,
42874,,,
42875,,,
42876,,,
42877,,,
42878,,,
42880,,,
42881,,,
42882,,,
42883,,,
42887,,,
42889,,,
42890,,,
42891,,,
42893,,,
42895,,,
42896,,,
42897,,,
42898,,,
42900,,,
42901,,,
42903,,,
42904,,,
42905,,,
42906,,,
42907,,,
42908,,,
42909,,,
42910,,,
42911,,,
42912,,,
42915,,,
42918,,,
42930,,,
42931,,,
42932,,,
42933,,,
42960,,,
42961,,,
42962,,,
42963,,,
42964,,,
42965,,,
42966,,,
42967,,,
42968,,,
42969,,,
42970,,,
42971,,,
42972,,,
42973,,,
42974,,,
42975,,,
42976,,,
42977,,,
42978,,,
42979,,,
42980,,,
42981,,,
42982,,,
42984,,,
42985,,,
42986,,,
42987,,,
42989,,,
42990,,,
42991,,,
42992,,,
42993,,,
42994,,,
42996,,,
42997,,,
42998,,,
42999,,,
43000,,,
43003,,,
43004,,,
43005,,,
43006,,,
43007,,,
43008,,,
43009,,,
43023,,,
43025,,,
43026,,,
43028,,,
43029,,,
43033,,,
43034,,,
43035,,,
43038,,,
43039,,,
43040,,,
43044,,,
43045,,,
43046,,,
43047,,,
43049,,,
43050,,,
43051,,,
43056,,,
43059,,,
43060,,,
43062,,,
43063,,,
43064,,,
43066,,,
43067,,,
43068,,,
43069,,,
43070,,,
43071,,,
43072,,,
43075,,,
43076,,,
43077,,,
43078,,,
43079,,,
43080,,,
43085,,,
43090,,,
43093,,,
43097,,,
43098,,,
43100,,,
43102,,,
43103,,,
43104,,,
43105,,,
43106,,,
43113,,,
43114,,,
43115,,,
43116,,,
43117,,,
43118,,,
43119,,,
43121,,,
43122,,,
43123,,,
43127,,,
43134,,,
43136,,,
43137,,,
43138,,,
43140,,,
43141,,,
43144,,,
43146,,,
43147,,,
43148,,,
43149,,,
43150,,,
43151,,,
43154,,,
43156,,,
43157,,,
43160,,,
43162,,,
43174,,,
43176,,,
43180,,,
43181,,,
43190,,,
43192,,,
43194,,,
43198,,,
43204,,,
43205,,,
43206,,,
43207,,,
43208,,,
43218,,,
43219,,,
43220,,,
43222,,,
43248,,,
43250,,,
43252,,,
43255,,,
43256,,,
43257,,,
43259,,,
43260,,,
43262,,,
43278,,,
43284,,,
43286,,,
43292,,,
43294,,,
43295,,,
43296,,,
43297,,,
43298,,,
43299,,,
43300,,,
43303,,,
43304,,,
43305,,,
43306,,,
43307,,,
43308,,,
43309,,,
43310,,,
43311,,,
43312,,,
43313,,,
43315,,,
43318,,,
43319,,,
43320,,,
43321,,,
43322,,,
43323,,,
43324,,,
43325,,,
43326,,,
43327,,,
43328,,,
43331,,,
43332,,,
43335,,,
43336,,,
43337,,,
43338,,,
43339,,,
43340,,,
43341,,,
43342,,,
43343,,,
43344,,,
43345,,,
43346,,,
43347,,,
43348,,,
43349,,,
43350,,,
43351,,,
43352,,,
43353,,,
43354,,,
43355,,,
43356,,,
43357,,,
43358,,,
43359,,,
43360,,,
43361,,,
43362,,,
43363,,,
43364,,,
43365,,,
43366,,,
43367,,,
43368,,,
43369,,,
43370,,,
43371,,,
43372,,,
43373,,,
43374,,,
43375,,,
43376,,,
43377,,,
43378,,,
43379,,,
43380,,,
43381,,,
43382,,,
43383,,,
43384,,,
43385,,,
43386,,,
43387,,,
43388,,,
43389,,,
43390,,,
43391,,,
43392,,,
43393,,,
43394,,,
43395,,,
43396,,,
43397,,,
43398,,,
43399,,,
43400,,,
43401,,,
43402,,,
43403,,,
43404,,,
43405,,,
43406,,,
43407,,,
43408,,,
43409,,,
43410,,,
43412,,,
43413,,,
43414,,,
43415,,,
43416,,,
43417,,,
43419,,,
43420,,,
43421,,,
43422,,,
43423,,,
43424,,,
43425,,,
43426,,,
43427,,,
43428,,,
43429,,,
43430,,,
43431,,,
43432,,,
43433,,,
43434,,,
43435,,,
43436,,,
43437,,,
43438,,,
43439,,,
43440,,,
43441,,,
43442,,,
43443,,,
43445,,,
43446,,,
43447,,,
43448,,,
43449,,,
43450,,,
43451,,,
43452,,,
43453,,,
43454,,,
43455,,,
43456,,,
43457,,,
43458,,,
43459,,,
43460,,,
43461,,,
43462,,,
43463,,,
43464,,,
43465,,,
43466,,,
43467,,,
43468,,,
43470,,,
43471,,,
43472,,,
43473,,,
43474,,,
43475,,,
43476,,,
43477,,,
43478,,,
43479,,,
43480,,,
43481,,,
43482,,,
43483,,,
43484,,,
43485,,,
43486,,,
43487,,,
43488,,,
43489,,,
43490,,,
43491,,,
43492,,,
43493,,,
43495,,,
43496,,,
43497,,,
43498,,,
43499,,,
43500,,,
43501,,,
43502,,,
43503,,,
43504,,,
43505,,,
43506,,,
43507,,,
43508,,,
43509,,,
43510,,,
43511,,,
43512,,,
43513,,,
43515,,,
43516,,,
43517,,,
43518,,,
43519,,,
43520,,,
43521,,,
43522,,,
43523,,,
43524,,,
43525,,,
43526,,,
43527,,,
43528,,,
43529,,,
43530,,,
43531,,,
43532,,,
43533,,,
43534,,,
43535,,,
43536,,,
43537,,,
43538,,,
43539,,,
43540,,,
43541,,,
43542,,,
43543,,,
43544,,,
43545,,,
43546,,,
43547,,,
43548,,,
43549,,,
43550,,,
43551,,,
43552,,,
43553,,,
43554,,,
43555,,,
43556,,,
43557,,,
43558,,,
43559,,,
43560,,,
43561,,,
43562,,,
43563,,,
43564,,,
43565,,,
43566,,,
43567,,,
43568,,,
43569,,,
43570,,,
43571,,,
43572,,,
43573,,,
43574,,,
43575,,,
43576,,,
43577,,,
43578,,,
43579,,,
43580,,,
43581,,,
43582,,,
43583,,,
43584,,,
43585,,,
43586,,,
43587,,,
43588,,,
43589,,,
43590,,,
43591,,,
43592,,,
43593,,,
43594,,,
43595,,,
43596,,,
43597,,,
43598,,,
43599,,,
43600,,,
43601,,,
43602,,,
43603,,,
43604,,,
43605,,,
43606,,,
43607,,,
43608,,,
43609,,,
43610,,,
43611,,,
43612,,,
43613,,,
43614,,,
43615,,,
43616,,,
43617,,,
43618,,,
43619,,,
43620,,,
43621,,,
43622,,,
43623,,,
43624,,,
43625,,,
43626,,,
43627,,,
43628,,,
43630,,,
43631,,,
43633,,,
43634,,,
43635,,,
43636,,,
43637,,,
43638,,,
43639,,,
43640,,,
43641,,,
43642,,,
43643,,,
43644,,,
43645,,,
43646,,,
43647,,,
43648,,,
43649,,,
43650,,,
43651,,,
43652,,,
43653,,,
43654,,,
43655,,,
43656,,,
43657,,,
43658,,,
43659,,,
43660,,,
43661,,,
43662,,,
43663,,,
43664,,,
43665,,,
43666,,,
43667,,,
43668,,,
43669,,,
43670,,,
43671,,,
43672,,,
43673,,,
43674,,,
43675,,,
43676,,,
43677,,,
43678,,,
43679,,,
43680,,,
43681,,,
43682,,,
43683,,,
43684,,,
43685,,,
43686,,,
43687,,,
43688,,,
43689,,,
43690,,,
43691,,,
43692,,,
43694,,,
43695,,,
43696,,,
43697,,,
43698,,,
43699,,,
43700,,,
43701,,,
43702,,,
43703,,,
43704,,,
43705,,,
43706,,,
43707,,,
43708,,,
43709,,,
43710,,,
43711,,,
43712,,,
43713,,,
43714,,,
43715,,,
43716,,,
43717,,,
43718,,,
43719,,,
43720,,,
43721,,,
43722,,,
43723,,,
43724,,,
43725,,,
43726,,,
43727,,,
43728,,,
43729,,,
43730,,,
43731,,,
43733,,,
43734,,,
43735,,,
43736,,,
43737,,,
43738,,,
43739,,,
43740,,,
43741,,,
43742,,,
43743,,,
43744,,,
43745,,,
43746,,,
43747,,,
43748,,,
43749,,,
43750,,,
43751,,,
43752,,,
43753,,,
43754,,,
43755,,,
43756,,,
43757,,,
43758,,,
43759,,,
43760,,,
43761,,,
43762,,,
43763,,,
43764,,,
43765,,,
43766,,,
43767,,,
43768,,,
43769,,,
43770,,,
43771,,,
43772,,,
43773,,,
43774,,,
43775,,,
43776,,,
43777,,,
43778,,,
43779,,,
43780,,,
43781,,,
43782,,,
43783,,,
43784,,,
43785,,,
43786,,,
43787,,,
43788,,,
43789,,,
43790,,,
43791,,,
43792,,,
43793,,,
43794,,,
43795,,,
43796,,,
43797,,,
43798,,,
43799,,,
43800,,,
43801,,,
43802,,,
43803,,,
43804,,,
43805,,,
43806,,,
43807,,,
43808,,,
43809,,,
43810,,,
43811,,,
43812,,,
43814,,,
43815,,,
43816,,,
43817,,,
43818,,,
43819,,,
43820,,,
43821,,,
43822,,,
43823,,,
43824,,,
43825,,,
43826,,,
43827,,,
43828,,,
43829,,,
43830,,,
43831,,,
43832,,,
43833,,,
43834,,,
43835,,,
43836,,,
43837,,,
43838,,,
43839,,,
43840,,,
43841,,,
43842,,,
43843,,,
43844,,,
43845,,,
43846,,,
43847,,,
43848,,,
43849,,,
43850,,,
43853,,,
43855,,,
43859,,,
43871,,,
43873,,,
43874,,,
43876,,,
43877,,,
43878,,,
43881,,,
43882,,,
43883,,,
43884,,,
43885,,,
43886,,,
43888,,,
43889,,,
43890,,,
43891,,,
43892,,,
43893,,,
43894,,,
43895,,,
43896,,,
43897,,,
43898,,,
43899,,,
43900,,,
43901,,,
43903,,,
43904,,,
43905,,,
43918,,,
43919,,,
43920,,,
43921,,,
43922,,,
43923,,,
43924,,,
43925,,,
43926,,,
43927,,,
43928,,,
43938,,,
43939,,,
43941,,,
43942,,,
43943,,,
43944,,,
43945,,,
43946,,,
43947,,,
43948,,,
43949,,,
43950,,,
43951,,,
43952,,,
43953,,,
43954,,,
43955,,,
43956,,,
43957,,,
43958,,,
43959,,,
43960,,,
43961,,,
43962,,,
43963,,,
43964,,,
43965,,,
43966,,,
43967,,,
43968,,,
43969,,,
43970,,,
43971,,,
43972,,,
43973,,,
43974,,,
43975,,,
43976,,,
43977,,,
43978,,,
43979,,,
43980,,,
43981,,,
43982,,,
43983,,,
43984,,,
43985,,,
43986,,,
43987,,,
43988,,,
43989,,,
43990,,,
43991,,,
43992,,,
43993,,,
43994,,,
43995,,,
43996,,,
43997,,,
43998,,,
43999,,,
44000,,,
44001,,,
44002,,,
44003,,,
44004,,,
44005,,,
44006,,,
44007,,,
44008,,,
44009,,,
44010,,,
44011,,,
44012,,,
44013,,,
44014,,,
44015,,,
44016,,,
44017,,,
44018,,,
44019,,,
44020,,,
44021,,,
44022,,,
44023,,,
44024,,,
44025,,,
44026,,,
44027,,,
44028,,,
44029,,,
44031,,,
44032,,,
44033,,,
44034,,,
44035,,,
44036,,,
44037,,,
44038,,,
44039,,,
44040,,,
44041,,,
44042,,,
44043,,,
44044,,,
44045,,,
44046,,,
44047,,,
44048,,,
44049,,,
44050,,,
44051,,,
44052,,,
44053,,,
44054,,,
44055,,,
44056,,,
44057,,,
44058,,,
44059,,,
44060,,,
44061,,,
44062,,,
44063,,,
44064,,,
44065,,,
44066,,,
44067,,,
44068,,,
44069,,,
44070,,,
44071,,,
44072,,,
44073,,,
44074,,,
44075,,,
44076,,,
44077,,,
44078,,,
44079,,,
44080,,,
44081,,,
44082,,,
44083,,,
44084,,,
44085,,,
44086,,,
44087,,,
44088,,,
44089,,,
44090,,,
44091,,,
44092,,,
44093,,,
44094,,,
44095,,,
44096,,,
44097,,,
44098,,,
44111,,,
44112,,,
44113,,,
44114,,,
44115,,,
44116,,,
44117,,,
44118,,,
44119,,,
44120,,,
44121,,,
44122,,,
44123,,,
44124,,,
44125,,,
44126,,,
44127,,,
44128,,,
44129,,,
44130,,,
44131,,,
44132,,,
44133,,,
44134,,,
44135,,,
44136,,,
44137,,,
44138,,,
44139,,,
44140,,,
44141,,,
44142,,,
44143,,,
44144,,,
44145,,,
44146,,,
44147,,,
44148,,,
44149,,,
44150,,,
44151,,,
44152,,,
44153,,,
44154,,,
44155,,,
44156,,,
44157,,,
44158,,,
44159,,,
44160,,,
44161,,,
44162,,,
44179,,,
44180,,,
44185,,,
44186,,,
44187,,,
44188,,,
44189,,,
44190,,,
44191,,,
44192,,,
44193,,,
44194,,,
44195,,,
44196,,,
44199,,,
44200,,,
44201,,,
44202,,,
44203,,,
44212,,,
44214,,,
44218,,,
44219,,,
44220,,,
44221,,,
44223,,,
44224,,,
44225,,,
44226,,,
44227,,,
44228,,,
44229,,,
44230,,,
44231,,,
44232,,,
44233,,,
44234,,,
44235,,,
44236,,,
44237,,,
44238,,,
44239,,,
44240,,,
44241,,,
44242,,,
44243,,,
44244,,,
44245,,,
44246,,,
44247,,,
44248,,,
44249,,,
44250,,,
44251,,,
44252,,,
44257,,,
44258,,,
44259,,,
44260,,,
44261,,,
44262,,,
44263,,,
44264,,,
44265,,,
44266,,,
44267,,,
44268,,,
44269,,,
44270,,,
44271,,,
44272,,,
44273,,,
44274,,,
44275,,,
44276,,,
44277,,,
44278,,,
44279,,,
44280,,,
44281,,,
44282,,,
44283,,,
44284,,,
44285,,,
44286,,,
44287,,,
44288,,,
44289,,,
44290,,,
44291,,,
44292,,,
44293,,,
44294,,,
44295,,,
44296,,,
44297,,,
44298,,,
44299,,,
44300,,,
44301,,,
44302,,,
44303,,,
44304,,,
44305,,,
44306,,,
44307,,,
44308,,,
44309,,,
44310,,,
44311,,,
44312,,,
44313,,,
44314,,,
44315,,,
44316,,,
44317,,,
44318,,,
44319,,,
44320,,,
44321,,,
44322,,,
44323,,,
44324,,,
44325,,,
44326,,,
44327,,,
44328,,,
44329,,,
44330,,,
44331,,,
44332,,,
44333,,,
44334,,,
44335,,,
44336,,,
44337,,,
44338,,,
44340,,,
44341,,,
44342,,,
44343,,,
44344,,,
44345,,,
44346,,,
44347,,,
44348,,,
44349,,,
44350,,,
44351,,,
44352,,,
44353,,,
44354,,,
44355,,,
44356,,,
44357,,,
44358,,,
44359,,,
44360,,,
44361,,,
44362,,,
44363,,,
44364,,,
44365,,,
44366,,,
44367,,,
44368,,,
44369,,,
44370,,,
44371,,,
44372,,,
44373,,,
44374,,,
44375,,,
44376,,,
44377,,,
44378,,,
44379,,,
44380,,,
44381,,,
44382,,,
44383,,,
44384,,,
44385,,,
44386,,,
44387,,,
44388,,,
44389,,,
44390,,,
44391,,,
44392,,,
44393,,,
44394,,,
44395,,,
44396,,,
44397,,,
44398,,,
44399,,,
44400,,,
44401,,,
44402,,,
44403,,,
44404,,,
44405,,,
44406,,,
44407,,,
44408,,,
44409,,,
44410,,,
44411,,,
44412,,,
44413,,,
44414,,,
44415,,,
44416,,,
44417,,,
44418,,,
44419,,,
44420,,,
44421,,,
44422,,,
44423,,,
44424,,,
44425,,,
44426,,,
44427,,,
44428,,,
44429,,,
44430,,,
44431,,,
44432,,,
44433,,,
44434,,,
44435,,,
44436,,,
44437,,,
44438,,,
44439,,,
44440,,,
44441,,,
44442,,,
44443,,,
44444,,,
44445,,,
44446,,,
44447,,,
44448,,,
44449,,,
44450,,,
44451,,,
44452,,,
44453,,,
44454,,,
44455,,,
44456,,,
44457,,,
44458,,,
44459,,,
44460,,,
44461,,,
44462,,,
44463,,,
44464,,,
44465,,,
44466,,,
44467,,,
44468,,,
44469,,,
44470,,,
44471,,,
44472,,,
44473,,,
44474,,,
44475,,,
44476,,,
44477,,,
44478,,,
44479,,,
44480,,,
44481,,,
44482,,,
44483,,,
44484,,,
44485,,,
44486,,,
44487,,,
44488,,,
44489,,,
44490,,,
44491,,,
44492,,,
44493,,,
44494,,,
44495,,,
44496,,,
44497,,,
44498,,,
44499,,,
44500,,,
44501,,,
44502,,,
44503,,,
44504,,,
44505,,,
44506,,,
44507,,,
44508,,,
44509,,,
44510,,,
44511,,,
44512,,,
44513,,,
44514,,,
44515,,,
44516,,,
44517,,,
44518,,,
44519,,,
44520,,,
44521,,,
44522,,,
44523,,,
44524,,,
44525,,,
44526,,,
44527,,,
44528,,,
44529,,,
44530,,,
44531,,,
44532,,,
44533,,,
44534,,,
44535,,,
44536,,,
44537,,,
44538,,,
44539,,,
44540,,,
44541,,,
44542,,,
44543,,,
44544,,,
44545,,,
44546,,,
44547,,,
44548,,,
44549,,,
44550,,,
44551,,,
44552,,,
44553,,,
44554,,,
44555,,,
44556,,,
44557,,,
44558,,,
44559,,,
44560,,,
44561,,,
44562,,,
44563,,,
44564,,,
44565,,,
44566,,,
44567,,,
44568,,,
44569,,,
44570,,,
44571,,,
44572,,,
44573,,,
44574,,,
44575,,,
44576,,,
44577,,,
44578,,,
44579,,,
44580,,,
44581,,,
44582,,,
44583,,,
44584,,,
44585,,,
44586,,,
44587,,,
44588,,,
44589,,,
44590,,,
44591,,,
44592,,,
44593,,,
44594,,,
44595,,,
44596,,,
44597,,,
44598,,,
44599,,,
44600,,,
44601,,,
44602,,,
44603,,,
44604,,,
44605,,,
44606,,,
44607,,,
44608,,,
44609,,,
44610,,,
44611,,,
44612,,,
44613,,,
44614,,,
44615,,,
44616,,,
44617,,,
44618,,,
44619,,,
44620,,,
44621,,,
44622,,,
44623,,,
44624,,,
44625,,,
44626,,,
44627,,,
44628,,,
44629,,,
44630,,,
44631,,,
44632,,,
44633,,,
44634,,,
44635,,,
44636,,,
44637,,,
44638,,,
44639,,,
44640,,,
44641,,,
44642,,,
44643,,,
44644,,,
44645,,,
44646,,,
44647,,,
44648,,,
44649,,,
44650,,,
44651,,,
44652,,,
44653,,,
44654,,,
44655,,,
44656,,,
44657,,,
44658,,,
44659,,,
44660,,,
44661,,,
44662,,,
44663,,,
44664,,,
44665,,,
44666,,,
44667,,,
44668,,,
44669,,,
44670,,,
44671,,,
44672,,,
44673,,,
44674,,,
44675,,,
44676,,,
44677,,,
44678,,,
44679,,,
44680,,,
44681,,,
44682,,,
44683,,,
44684,,,
44685,,,
44686,,,
44687,,,
44688,,,
44689,,,
44690,,,
44691,,,
44692,,,
44693,,,
44694,,,
44695,,,
44696,,,
44697,,,
44698,,,
44699,,,
44700,,,
44701,,,
44702,,,
44703,,,
44704,,,
44705,,,
44706,,,
44707,,,
44708,,,
44709,,,
44710,,,
44711,,,
44712,,,
44713,,,
44714,,,
44715,,,
44716,,,
44717,,,
44718,,,
44719,,,
44720,,,
44721,,,
44722,,,
44723,,,
44724,,,
44725,,,
44726,,,
44727,,,
44728,,,
44729,,,
44730,,,
44731,,,
44732,,,
44733,,,
44734,,,
44735,,,
44736,,,
44737,,,
44738,,,
44739,,,
44740,,,
44741,,,
44742,,,
44743,,,
44744,,,
44745,,,
44746,,,
44747,,,
44748,,,
44749,,,
44750,,,
44751,,,
44752,,,
44753,,,
44754,,,
44755,,,
44756,,,
44757,,,
44758,,,
44759,,,
44760,,,
44761,,,
44762,,,
44763,,,
44764,,,
44765,,,
44766,,,
44767,,,
44768,,,
44769,,,
44770,,,
44771,,,
44772,,,
44773,,,
44774,,,
44775,,,
44776,,,
44777,,,
44778,,,
44779,,,
44780,,,
44781,,,
44782,,,
44783,,,
44784,,,
44785,,,
44786,,,
44787,,,
44788,,,
44789,,,
44790,,,
44791,,,
44792,,,
44793,,,
44794,,,
44956,,,
44957,,,
44958,,,
44959,,,
44960,,,
44961,,,
44962,,,
44963,,,
44964,,,
44965,,,
44966,,,
44967,,,
44968,,,
44969,,,
44970,,,
44971,,,
44972,,,
44973,,,
44974,,,
44975,,,
44976,,,
44977,,,
44978,,,
44979,,,
44980,,,
44981,,,
44983,,,
44984,,,
44985,,,
44986,,,
44987,,,
44988,,,
44989,,,
44990,,,
44992,,,
44993,,,
44994,,,
44998,,,
45002,,,
45012,,,
45013,,,
45014,,,
45015,,,
45016,,,
45017,,,
45018,,,
45019,,,
45020,,,
45021,,,
45022,,,
45023,,,
45024,,,
45025,,,
45026,,,
45027,,,
45028,,,
45029,,,
45030,,,
45031,,,
45032,,,
45033,,,
45034,,,
45035,,,
45036,,,
45037,,,
45038,,,
45039,,,
45040,,,
45041,,,
45042,,,
45043,,,
45044,,,
45045,,,
45046,,,
45047,,,
45048,,,
45049,,,
45050,,,
45051,,,
45052,,,
45053,,,
45054,,,
45055,,,
45056,,,
45057,,,
45058,,,
45059,,,
45060,,,
45061,,,
45062,,,
45063,,,
45064,,,
45065,,,
45066,,,
45067,,,
45068,,,
45069,,,
45070,,,
45071,,,
45072,,,
45073,,,
45074,,,
45075,,,
45076,,,
45077,,,
45078,,,
45079,,,
45080,,,
45081,,,
45082,,,
45083,,,
45084,,,
45085,,,
45086,,,
45087,,,
45088,,,
45089,,,
45090,,,
45091,,,
45092,,,
45093,,,
45094,,,
45095,,,
45096,,,
45097,,,
45098,,,
45099,,,
45100,,,
45101,,,
45102,,,
45103,,,
45104,,,
45106,,,
45108,,,
45109,,,
45110,,,
45111,,,
45112,,,
45113,,,
45114,,,
45115,,,
45116,,,
45117,,,
45118,,,
45119,,,
45120,,,
45121,,,
45122,,,
45123,,,
45124,,,
45125,,,
45126,,,
45127,,,
45128,,,
45129,,,
45130,,,
45131,,,
45132,,,
45133,,,
45134,,,
45135,,,
45136,,,
45137,,,
45138,,,
45139,,,
45140,,,
45141,,,
45142,,,
45143,,,
45144,,,
45145,,,
45146,,,
45147,,,
45148,,,
45149,,,
45150,,,
45151,,,
45152,,,
45153,,,
45154,,,
45155,,,
45156,,,
45157,,,
45158,,,
45159,,,
45160,,,
45161,,,
45162,,,
45163,,,
45164,,,
45165,,,
45166,,,
45167,,,
45168,,,
45169,,,
45170,,,
45171,,,
45172,,,
45173,,,
45174,,,
45175,,,
45176,,,
45177,,,
45178,,,
45179,,,
45180,,,
45181,,,
45182,,,
45183,,,
45184,,,
45185,,,
45186,,,
45187,,,
45188,,,
45189,,,
45190,,,
45191,,,
45192,,,
45193,,,
45194,,,
45195,,,
45196,,,
45197,,,
45198,,,
45199,,,
45200,,,
45201,,,
45202,,,
45203,,,
45204,,,
45205,,,
45206,,,
45207,,,
45208,,,
45209,,,
45210,,,
45211,,,
45212,,,
45213,,,
45214,,,
45215,,,
45216,,,
45217,,,
45218,,,
45219,,,
45220,,,
45221,,,
45222,,,
45223,,,
45224,,,
45225,,,
45226,,,
45227,,,
45228,,,
45229,,,
45230,,,
45231,,,
45232,,,
45233,,,
45234,,,
45235,,,
45236,,,
45237,,,
45238,,,
45239,,,
45240,,,
45241,,,
45242,,,
45243,,,
45244,,,
45245,,,
45246,,,
45247,,,
45248,,,
45249,,,
45250,,,
45251,,,
45252,,,
45253,,,
45254,,,
45255,,,
45256,,,
45257,,,
45258,,,
45259,,,
45260,,,
45261,,,
45262,,,
45263,,,
45264,,,
45265,,,
45266,,,
45267,,,
45268,,,
45269,,,
45270,,,
45271,,,
45272,,,
45273,,,
45274,,,
45277,,,
45279,,,
45282,,,
45402,,,
45449,,,
45450,,,
45451,,,
45452,,,
45453,,,
45454,,,
45455,,,
45456,,,
45457,,,
45458,,,
45459,,,
45460,,,
45461,,,
45462,,,
45463,,,
45464,,,
45465,,,
45466,,,
45467,,,
45468,,,
45469,,,
45470,,,
45471,,,
45472,,,
45473,,,
45474,,,
45475,,,
45476,,,
45477,,,
45478,,,
45479,,,
45480,,,
45481,,,
45482,,,
45483,,,
45484,,,
45485,,,
45486,,,
45487,,,
45488,,,
45489,,,
45490,,,
45491,,,
45492,,,
45493,,,
45494,,,
45495,,,
45496,,,
45497,,,
45498,,,
45499,,,
45500,,,
45501,,,
45502,,,
45503,,,
45504,,,
45505,,,
45506,,,
45507,,,
45508,,,
45509,,,
45510,,,
45511,,,
45512,,,
45513,,,
45514,,,
45515,,,
45516,,,
45517,,,
45518,,,
45519,,,
45520,,,
45521,,,
45522,,,
45523,,,
45524,,,
45525,,,
45526,,,
45527,,,
45528,,,
45529,,,
45530,,,
45531,,,
45532,,,
45533,,,
45534,,,
45535,,,
45536,,,
45537,,,
45538,,,
45539,,,
45540,,,
45545,,,
45547,,,
45548,,,
45549,,,
45550,,,
45551,,,
45553,,,
45554,,,
45556,,,
45557,,,
45558,,,
45559,,,
45560,,,
45562,,,
45563,,,
45565,,,
45566,,,
45567,,,
45568,,,
45569,,,
45570,,,
45573,,,
45574,,,
45575,,,
45577,,,
45578,,,
45579,,,
45580,,,
45581,,,
45582,,,
45583,,,
45584,,,
45585,,,
45586,,,
45587,,,
45588,,,
45589,,,
45590,,,
45591,,,
45592,,,
45593,,,
45594,,,
45595,,,
45596,,,
45597,,,
45598,,,
45599,,,
45600,,,
45601,,,
45602,,,
45603,,,
45604,,,
45605,,,
45606,,,
45607,,,
45608,,,
45609,,,
45610,,,
45611,,,
45612,,,
45613,,,
45614,,,
45615,,,
45616,,,
45617,,,
45618,,,
45619,,,
45620,,,
45621,,,
45622,,,
45623,,,
45624,,,
45625,,,
45626,,,
45627,,,
45646,,,
45647,,,
45648,,,
45650,,,
45651,,,
45652,,,
45653,,,
45654,,,
45655,,,
45656,,,
45657,,,
45658,,,
45659,,,
45660,,,
45661,,,
45662,,,
45663,,,
45664,,,
45665,,,
45666,,,
45667,,,
45668,,,
45669,,,
45670,,,
45671,,,
45672,,,
45674,,,
45686,,,
45687,,,
45688,,,
45689,,,
45690,,,
45691,,,
45692,,,
45693,,,
45694,,,
45695,,,
45696,,,
45699,,,
45700,,,
45701,,,
45702,,,
45703,,,
45704,,,
45705,,,
45706,,,
45707,,,
45711,,,
45712,,,
45714,,,
45716,,,
45717,,,
45718,,,
45719,,,
45720,,,
45727,,,
45732,,,
45734,,,
45735,,,
45736,,,
45737,,,
45738,,,
45739,,,
45741,,,
45742,,,
45743,,,
45744,,,
45745,,,
45746,,,
45747,,,
45748,,,
45749,,,
45755,,,
45761,,,
45913,,,
45914,,,
45915,,,
45916,,,
45917,,,
45918,,,
45919,,,
45920,,,
45921,,,
45922,,,
45923,,,
45924,,,
45925,,,
45926,,,
45927,,,
45928,,,
45929,,,
45930,,,
45932,,,
45933,,,
45934,,,
45935,,,
45936,,,
45938,,,
45939,,,
45940,,,
45941,,,
45942,,,
45943,,,
45944,,,
45945,,,
45946,,,
45947,,,
45948,,,
45949,,,
45950,,,
45951,,,
45952,,,
45954,,,
45955,,,
45956,,,
45957,,,
45958,,,
45959,,,
45960,,,
45961,,,
45962,,,
45966,,,
45968,,,
45969,,,
45970,,,
45972,,,
45973,,,
45974,,,
45975,,,
45976,,,
45978,,,
45979,,,
45980,,,
45982,,,
45983,,,
45995,,,
45997,,,
45998,,,
45999,,,
